<?xml version="1.0" encoding="UTF-8"?>
<jcr:root xmlns:sling="http://sling.apache.org/jcr/sling/1.0" xmlns:cq="http://www.day.com/jcr/cq/1.0" xmlns:jcr="http://www.jcp.org/jcr/1.0" xmlns:nt="http://www.jcp.org/jcr/nt/1.0"
    jcr:primaryType="cq:Page">
    <jcr:content
        cq:lastModified="{Date}2021-04-21T23:07:56.277Z"
        cq:lastModifiedBy="dgordon@adobe.com"
        cq:tags="[]"
        cq:template="/conf/wknd/settings/wcm/templates/xf-web-variation"
        cq:xfMasterVariation="{Boolean}true"
        cq:xfVariantType="web"
        jcr:primaryType="cq:PageContent"
        jcr:title="Header"
        sling:resourceType="cq/experience-fragments/components/xfpage">
        <root
            jcr:primaryType="nt:unstructured"
            sling:resourceType="core/wcm/components/container/v1/container"
            layout="responsiveGrid">
            <image
                jcr:lastModified="{Date}2021-04-21T23:07:20.751Z"
                jcr:lastModifiedBy="dgordon@adobe.com"
                jcr:primaryType="nt:unstructured"
                sling:resourceType="core/wcm/components/image/v2/image"
                alt="WKND Logo"
                altValueFromDAM="false"
                displayPopupTitle="false"
                fileReference="/content/dam/wknd/en/site/wknd-logo-dk.svg"
                isDecorative="false"
                linkURL="/content/wknd/en/home"
                titleValueFromDAM="false">
                <cq:responsive jcr:primaryType="nt:unstructured">
                    <default
                        jcr:primaryType="nt:unstructured"
                        offset="1"
                        width="1"/>
                </cq:responsive>
            </image>
            <navigation
                jcr:primaryType="nt:unstructured"
                sling:resourceType="core/wcm/components/navigation/v1/navigation"
                collectAllPages="true"
                disableShadowing="false"
                navigationRoot="/content/wknd/en"
                structureDepth="1"
                structureStart="1">
                <cq:responsive jcr:primaryType="nt:unstructured">
                    <default
                        jcr:primaryType="nt:unstructured"
                        offset="0"
                        width="5"/>
                </cq:responsive>
            </navigation>
            <search
                jcr:lastModified="{Date}2021-04-21T23:07:56.186Z"
                jcr:lastModifiedBy="dgordon@adobe.com"
                jcr:primaryType="nt:unstructured"
                sling:resourceType="core/wcm/components/search/v1/search"
                searchRoot="/content/wknd/en">
                <cq:responsive jcr:primaryType="nt:unstructured">
                    <default
                        jcr:primaryType="nt:unstructured"
                        offset="0"
                        width="2"/>
                </cq:responsive>
            </search>
            <languagenavigation
                jcr:primaryType="nt:unstructured"
                sling:resourceType="core/wcm/components/languagenavigation/v1/languagenavigation"
                navigationRoot="/content/wknd"
                structureDepth="1">
                <cq:responsive jcr:primaryType="nt:unstructured">
                    <default
                        jcr:primaryType="nt:unstructured"
                        offset="0"
                        width="2"/>
                </cq:responsive>
            </languagenavigation>
        </root>
    </jcr:content>
</jcr:root>
