<?xml version="1.0" encoding="UTF-8"?>
<jcr:root xmlns:sling="http://sling.apache.org/jcr/sling/1.0" xmlns:cq="http://www.day.com/jcr/cq/1.0" xmlns:jcr="http://www.jcp.org/jcr/1.0" xmlns:mix="http://www.jcp.org/jcr/mix/1.0" xmlns:nt="http://www.jcp.org/jcr/nt/1.0"
    jcr:primaryType="cq:Page">
    <jcr:content
        cq:template="/conf/wknd/settings/wcm/templates/contact-us"
        jcr:isCheckedOut="{Boolean}true"
        jcr:mixinTypes="[mix:versionable]"
        jcr:primaryType="cq:PageContent"
        jcr:title="Contact Us"
        jcr:uuid="663e10d4-7005-49c3-ad52-073e7ccf98be"
        sling:resourceType="core/wcm/components/page/v2/page">
        <root
            jcr:primaryType="nt:unstructured"
            sling:resourceType="core/wcm/components/container/v1/container">
            <container jcr:primaryType="nt:unstructured">
                <container jcr:primaryType="nt:unstructured">
                    <container
                        jcr:primaryType="nt:unstructured"
                        sling:resourceType="core/wcm/components/container/v1/container"
                        layout="responsiveGrid">
                        <container_508999307
                            jcr:primaryType="nt:unstructured"
                            sling:resourceType="core/wcm/components/form/container/v2/container"
                            action="/content/usergenerated/aem-site-template-basic/en/contact-us/cq-gen1612776644602/"
                            actionType="foundation/components/form/actions/store">
                            <cq:responsive jcr:primaryType="nt:unstructured"/>
                            <options_2044488611
                                jcr:primaryType="nt:unstructured"
                                jcr:title="What can we do for you"
                                sling:resourceType="core/wcm/components/form/options/v2/options"
                                helpMessage="Dropdown"
                                name="serviceoptions"
                                source="local"
                                type="drop-down">
                                <items jcr:primaryType="nt:unstructured">
                                    <item0
                                        jcr:primaryType="nt:unstructured"
                                        selected="false"
                                        text="Item1"
                                        value="1"/>
                                    <item1
                                        jcr:primaryType="nt:unstructured"
                                        selected="false"
                                        text="Item2"
                                        value="2"/>
                                    <item2
                                        jcr:primaryType="nt:unstructured"
                                        selected="false"
                                        text="Item3"
                                        value="3"/>
                                    <item3
                                        jcr:primaryType="nt:unstructured"
                                        selected="false"
                                        text="Item4"
                                        value="4"/>
                                </items>
                            </options_2044488611>
                            <text
                                jcr:primaryType="nt:unstructured"
                                jcr:title="Name"
                                sling:resourceType="core/wcm/components/form/text/v2/text"
                                name="name"
                                rows="1"
                                type="text">
                                <cq:responsive jcr:primaryType="nt:unstructured">
                                    <default
                                        jcr:primaryType="nt:unstructured"
                                        offset="0"
                                        width="6"/>
                                </cq:responsive>
                            </text>
                            <text_501310798
                                jcr:primaryType="nt:unstructured"
                                jcr:title="Company"
                                sling:resourceType="core/wcm/components/form/text/v2/text"
                                name="company"
                                rows="1"
                                type="text">
                                <cq:responsive jcr:primaryType="nt:unstructured">
                                    <default
                                        jcr:primaryType="nt:unstructured"
                                        offset="0"
                                        width="6"/>
                                </cq:responsive>
                            </text_501310798>
                            <text_copy
                                jcr:primaryType="nt:unstructured"
                                jcr:title="Email"
                                sling:resourceType="core/wcm/components/form/text/v2/text"
                                name="email"
                                rows="1"
                                type="email">
                                <cq:responsive jcr:primaryType="nt:unstructured">
                                    <default
                                        jcr:primaryType="nt:unstructured"
                                        offset="0"
                                        width="6"/>
                                </cq:responsive>
                            </text_copy>
                            <text_501310798_copy
                                jcr:primaryType="nt:unstructured"
                                jcr:title="Phone"
                                sling:resourceType="core/wcm/components/form/text/v2/text"
                                name="phone"
                                rows="1"
                                type="tel">
                                <cq:responsive jcr:primaryType="nt:unstructured">
                                    <default
                                        jcr:primaryType="nt:unstructured"
                                        offset="0"
                                        width="6"/>
                                </cq:responsive>
                            </text_501310798_copy>
                            <text_17206840
                                jcr:primaryType="nt:unstructured"
                                jcr:title="Message"
                                sling:resourceType="core/wcm/components/form/text/v2/text"
                                name="message"
                                rows="3"
                                type="textarea"/>
                            <options
                                jcr:primaryType="nt:unstructured"
                                jcr:title="Send me a copy"
                                sling:resourceType="core/wcm/components/form/options/v2/options"
                                name="sendcopy"
                                source="local"
                                type="checkbox">
                                <cq:responsive jcr:primaryType="nt:unstructured">
                                    <default
                                        jcr:primaryType="nt:unstructured"
                                        offset="0"
                                        width="7"/>
                                </cq:responsive>
                                <items jcr:primaryType="nt:unstructured">
                                    <item0
                                        jcr:primaryType="nt:unstructured"
                                        selected="false"
                                        text="Send me a copy"
                                        value="1"/>
                                </items>
                            </options>
                            <button
                                jcr:primaryType="nt:unstructured"
                                jcr:title="Send message"
                                sling:resourceType="core/wcm/components/form/button/v2/button"
                                type="button">
                                <cq:responsive jcr:primaryType="nt:unstructured">
                                    <default
                                        jcr:primaryType="nt:unstructured"
                                        offset="2"
                                        width="3"/>
                                </cq:responsive>
                            </button>
                        </container_508999307>
                    </container>
                    <container_1748665491
                        jcr:primaryType="nt:unstructured"
                        sling:resourceType="core/wcm/components/container/v1/container">
                        <title
                            jcr:primaryType="nt:unstructured"
                            jcr:title="Find us"
                            sling:resourceType="core/wcm/components/title/v2/title"
                            type="h4"/>
                        <text_1927678326
                            jcr:primaryType="nt:unstructured"
                            sling:resourceType="core/wcm/components/text/v2/text"
                            text="&lt;h4>Wireframe&lt;/h4>&#xd;&#xa;&lt;p>&lt;a href=&quot;https://www.adobe.com&quot;>1251 Harrison Street&lt;/a>&lt;/p>&#xd;&#xa;&lt;p>&lt;a href=&quot;https://www.adobe.com&quot;>San Francisco, CA, 94108&lt;/a>&lt;/p>&#xd;&#xa;"
                            textIsRich="true"/>
                        <separator
                            jcr:primaryType="nt:unstructured"
                            sling:resourceType="core/wcm/components/separator/v1/separator"/>
                        <text
                            jcr:primaryType="nt:unstructured"
                            sling:resourceType="core/wcm/components/text/v2/text"
                            text="&lt;h4>Need more help?&lt;/h4>&#xd;&#xa;&lt;p>Give us a call at &lt;a href=&quot;tel:415-591-1416&quot;>415-591-1416&lt;/a>&lt;/p>&#xd;&#xa;&lt;p>E-mail us at &lt;a href=&quot;mailto:info@wireframe.site&quot;>info@wireframe.site&lt;/a>&lt;/p>&#xd;&#xa;"
                            textIsRich="true"/>
                    </container_1748665491>
                    <container_820040118
                        jcr:primaryType="nt:unstructured"
                        sling:resourceType="core/wcm/components/container/v1/container">
                        <container_copy_copy jcr:primaryType="nt:unstructured"/>
                        <container_copy_copy_968545312 jcr:primaryType="nt:unstructured"/>
                        <container_copy jcr:primaryType="nt:unstructured"/>
                        <container
                            jcr:primaryType="nt:unstructured"
                            sling:resourceType="core/wcm/components/form/container/v2/container"
                            action="/content/usergenerated/aem-site-template-basic/fr/contact-us/cq-gen1613068812538/"
                            actionType="foundation/components/form/actions/store">
                            <cq:responsive jcr:primaryType="nt:unstructured"/>
                            <options_copy jcr:primaryType="nt:unstructured"/>
                            <options_copy_267137654 jcr:primaryType="nt:unstructured"/>
                            <options
                                jcr:primaryType="nt:unstructured"
                                jcr:title="What can we do for you"
                                sling:resourceType="core/wcm/components/form/options/v2/options"
                                name="serviceoptions"
                                source="local"
                                type="drop-down">
                                <items jcr:primaryType="nt:unstructured">
                                    <item0
                                        jcr:primaryType="nt:unstructured"
                                        selected="false"
                                        text="Dropdown"
                                        value="0"/>
                                    <item1
                                        jcr:primaryType="nt:unstructured"
                                        selected="false"
                                        text="Item 1"
                                        value="1"/>
                                    <item2
                                        jcr:primaryType="nt:unstructured"
                                        selected="false"
                                        text="Item 2"
                                        value="2"/>
                                    <item3
                                        jcr:primaryType="nt:unstructured"
                                        selected="false"
                                        text="Item 3"
                                        value="3"/>
                                    <item4
                                        jcr:primaryType="nt:unstructured"
                                        selected="false"
                                        text="Item 4"
                                        value="4"/>
                                </items>
                            </options>
                            <text
                                jcr:primaryType="nt:unstructured"
                                jcr:title="Name"
                                sling:resourceType="core/wcm/components/form/text/v2/text"
                                helpMessage="John Doe"
                                name="name"
                                rows="1"
                                type="text"
                                usePlaceholder="true">
                                <cq:responsive jcr:primaryType="nt:unstructured">
                                    <default
                                        jcr:primaryType="nt:unstructured"
                                        offset="0"
                                        width="6"/>
                                </cq:responsive>
                            </text>
                            <text_654930214
                                jcr:primaryType="nt:unstructured"
                                jcr:title="Company"
                                sling:resourceType="core/wcm/components/form/text/v2/text"
                                helpMessage="Wireframe"
                                name="company"
                                rows="1"
                                type="text"
                                usePlaceholder="true">
                                <cq:responsive jcr:primaryType="nt:unstructured">
                                    <default
                                        jcr:primaryType="nt:unstructured"
                                        offset="0"
                                        width="6"/>
                                </cq:responsive>
                            </text_654930214>
                            <text_copy
                                jcr:primaryType="nt:unstructured"
                                jcr:title="Email"
                                sling:resourceType="core/wcm/components/form/text/v2/text"
                                helpMessage="john@wireframe.site"
                                name="email"
                                rows="1"
                                type="text"
                                usePlaceholder="true">
                                <cq:responsive jcr:primaryType="nt:unstructured">
                                    <default
                                        jcr:primaryType="nt:unstructured"
                                        offset="0"
                                        width="6"/>
                                </cq:responsive>
                            </text_copy>
                            <text_654930214_copy
                                jcr:primaryType="nt:unstructured"
                                jcr:title="Phone"
                                sling:resourceType="core/wcm/components/form/text/v2/text"
                                helpMessage="800-800-0000"
                                name="phone"
                                rows="1"
                                type="text"
                                usePlaceholder="true">
                                <cq:responsive jcr:primaryType="nt:unstructured">
                                    <default
                                        jcr:primaryType="nt:unstructured"
                                        offset="0"
                                        width="6"/>
                                </cq:responsive>
                            </text_654930214_copy>
                            <text_654930214_copy_1009691643
                                jcr:primaryType="nt:unstructured"
                                jcr:title="Message"
                                sling:resourceType="core/wcm/components/form/text/v2/text"
                                helpMessage="Your message..."
                                name="message"
                                rows="5"
                                type="textarea"
                                usePlaceholder="true">
                                <cq:responsive jcr:primaryType="nt:unstructured">
                                    <default
                                        jcr:primaryType="nt:unstructured"
                                        offset="0"
                                        width="12"/>
                                </cq:responsive>
                            </text_654930214_copy_1009691643>
                            <options_1146192929
                                jcr:primaryType="nt:unstructured"
                                jcr:title="Send me a copy"
                                sling:resourceType="core/wcm/components/form/options/v2/options"
                                name="sendcopy"
                                source="local"
                                type="checkbox">
                                <cq:responsive jcr:primaryType="nt:unstructured">
                                    <default
                                        jcr:primaryType="nt:unstructured"
                                        offset="0"
                                        width="6"/>
                                </cq:responsive>
                                <items jcr:primaryType="nt:unstructured">
                                    <item0
                                        jcr:primaryType="nt:unstructured"
                                        selected="false"
                                        text="Send me a copy"
                                        value="1"/>
                                </items>
                            </options_1146192929>
                            <button
                                jcr:primaryType="nt:unstructured"
                                jcr:title="Send message"
                                sling:resourceType="core/wcm/components/form/button/v2/button"
                                type="button">
                                <cq:responsive jcr:primaryType="nt:unstructured">
                                    <default
                                        jcr:primaryType="nt:unstructured"
                                        offset="0"
                                        width="6"/>
                                </cq:responsive>
                            </button>
                        </container>
                    </container_820040118>
                </container>
                <container_1748665491
                    jcr:primaryType="nt:unstructured"
                    sling:resourceType="core/wcm/components/container/v1/container">
                    <title
                        cq:styleIds="[1612896649188]"
                        jcr:primaryType="nt:unstructured"
                        jcr:title="Find us"
                        sling:resourceType="core/wcm/components/title/v2/title"
                        type="h4"/>
                    <text
                        jcr:primaryType="nt:unstructured"
                        sling:resourceType="core/wcm/components/text/v2/text"
                        text="&lt;p>Wireframe&lt;/p>&#xd;&#xa;&lt;p>&lt;a href=&quot;https://www.adobe.com&quot;>1251 Harrison Street&lt;/a>&lt;/p>&#xd;&#xa;&lt;p>&lt;a href=&quot;https://www.adobe.com&quot;>San Francisco, CA, 94108&lt;/a>&lt;/p>&#xd;&#xa;"
                        textIsRich="true"/>
                    <separator
                        cq:styleIds="[1612911013038]"
                        jcr:primaryType="nt:unstructured"
                        sling:resourceType="core/wcm/components/separator/v1/separator"/>
                    <title_2013747888
                        cq:styleIds="[1612896649188]"
                        jcr:primaryType="nt:unstructured"
                        jcr:title="Need more help?"
                        sling:resourceType="core/wcm/components/title/v2/title"
                        type="h4"/>
                    <text_1226249202
                        jcr:primaryType="nt:unstructured"
                        sling:resourceType="core/wcm/components/text/v2/text"
                        text="&lt;p>Give us a call at &lt;a href=&quot;tel:415-591-1416&quot;>415-591-1416&lt;/a>&lt;/p>&#xd;&#xa;&lt;p>E-mail us at &lt;a href=&quot;mailto:info@wireframe.site&quot;>info@wireframe.site&lt;/a>&lt;/p>&#xd;&#xa;"
                        textIsRich="true"/>
                </container_1748665491>
            </container>
        </root>
    </jcr:content>
</jcr:root>
