<?xml version="1.0" encoding="UTF-8"?>
<jcr:root xmlns:sling="http://sling.apache.org/jcr/sling/1.0" xmlns:cq="http://www.day.com/jcr/cq/1.0" xmlns:jcr="http://www.jcp.org/jcr/1.0" xmlns:mix="http://www.jcp.org/jcr/mix/1.0" xmlns:nt="http://www.jcp.org/jcr/nt/1.0"
    jcr:primaryType="cq:Page">
    <jcr:content
        cq:cloudserviceconfigs="[/etc/cloudservices/proxy/ids]"
        cq:template="/conf/wknd/settings/wcm/templates/article-page"
        jcr:isCheckedOut="{Boolean}true"
        jcr:mixinTypes="[mix:versionable]"
        jcr:primaryType="cq:PageContent"
        jcr:title="Sample Article 1"
        jcr:uuid="ae43a95b-1d5c-4ef9-ac71-cd9fe8a23326"
        sling:resourceType="core/wcm/components/page/v2/page"
        socialMedia="[facebook,pinterest]">
        <root
            jcr:primaryType="nt:unstructured"
            sling:resourceType="core/wcm/components/container/v1/container">
            <container jcr:primaryType="nt:unstructured">
                <container
                    jcr:primaryType="nt:unstructured"
                    sling:resourceType="core/wcm/components/container/v1/container"
                    layout="responsiveGrid">
                    <text
                        cq:styleIds="[1612907912678]"
                        jcr:primaryType="nt:unstructured"
                        sling:resourceType="core/wcm/components/text/v2/text"
                        text="&lt;p>Lorem ipsum dolor sit amet, consectetur adipiscing elit. Duis ac pulvinar erat. In nunc orci, tincidunt a enim eu, malesuada pharetra felis. Suspendisse ut lectus id lorem vulputate scelerisque aliquam vel arcu. Aliquam elementum purus ut ornare aliquam. Phasellus rhoncus auctor velit. Etiam sollicitudin enim in tincidunt dignissim. In lacinia vulputate varius. Curabitur et accumsan justo. Pellentesque tristique malesuada risus vitae faucibus. Integer commodo dui nisl, sit amet viverra velit dapibus a.&lt;/p>&#xd;&#xa;"
                        textIsRich="true">
                        <cq:responsive jcr:primaryType="nt:unstructured">
                            <default
                                jcr:primaryType="nt:unstructured"
                                offset="1"
                                width="6"/>
                        </cq:responsive>
                    </text>
                    <image
                        cq:styleIds="[1612913724665]"
                        jcr:primaryType="nt:unstructured"
                        jcr:title="Symphony in Steel by Tobias Keller"
                        sling:resourceType="core/wcm/components/image/v2/image"
                        displayPopupTitle="false"
                        fileReference="/content/dam/wknd/building_large.png"
                        isDecorative="true"
                        titleValueFromDAM="false">
                        <cq:responsive jcr:primaryType="nt:unstructured">
                            <default
                                jcr:primaryType="nt:unstructured"
                                offset="1"
                                width="6"/>
                        </cq:responsive>
                    </image>
                    <title
                        cq:styleIds="[1612896641947]"
                        jcr:primaryType="nt:unstructured"
                        jcr:title="Subtitle"
                        sling:resourceType="core/wcm/components/title/v2/title"
                        type="h2">
                        <cq:responsive jcr:primaryType="nt:unstructured">
                            <default
                                jcr:primaryType="nt:unstructured"
                                offset="1"
                                width="6"/>
                        </cq:responsive>
                    </title>
                    <text_165388567
                        cq:styleIds="[1612907912678]"
                        jcr:primaryType="nt:unstructured"
                        sling:resourceType="core/wcm/components/text/v2/text"
                        text="&lt;p>Lorem ipsum dolor sit amet, consectetur adipiscing elit. Duis ac pulvinar erat. In nunc orci, tincidunt a enim eu, malesuada pharetra felis. Suspendisse ut lectus id lorem vulputate scelerisque aliquam vel arcu. Aliquam elementum purus ut ornare aliquam. Phasellus rhoncus auctor velit. Etiam sollicitudin enim in tincidunt dignissim. In lacinia vulputate varius. Curabitur et accumsan justo. Pellentesque tristique malesuada risus vitae faucibus. Integer commodo dui nisl, sit amet viverra velit dapibus a.&lt;/p>&#xd;&#xa;"
                        textIsRich="true">
                        <cq:responsive jcr:primaryType="nt:unstructured">
                            <default
                                jcr:primaryType="nt:unstructured"
                                offset="1"
                                width="6"/>
                        </cq:responsive>
                    </text_165388567>
                    <sharing
                        jcr:primaryType="nt:unstructured"
                        sling:resourceType="core/wcm/components/sharing/v1/sharing">
                        <cq:responsive jcr:primaryType="nt:unstructured">
                            <default
                                jcr:primaryType="nt:unstructured"
                                offset="1"
                                width="6"/>
                        </cq:responsive>
                    </sharing>
                    <separator
                        cq:styleIds="[1612910963036]"
                        jcr:primaryType="nt:unstructured"
                        sling:resourceType="core/wcm/components/separator/v1/separator"/>
                    <teaser_381338983
                        cq:styleIds="[1612830658386,1612897500904]"
                        jcr:description="&lt;p>Lorem ipsum dolor sit amet, consectetur adipiscing elit, sed do eiusmod tempor incididunt ut labore et dolore magna aliqua.&lt;/p>&#xd;&#xa;"
                        jcr:primaryType="nt:unstructured"
                        jcr:title="This is a Teaser"
                        sling:resourceType="core/wcm/components/teaser/v1/teaser"
                        actionsEnabled="true"
                        descriptionFromPage="false"
                        fileReference="/content/dam/wknd/building_large.png"
                        pretitle="Teasers"
                        textIsRich="true"
                        titleFromPage="false">
                        <cq:responsive jcr:primaryType="nt:unstructured">
                            <default
                                jcr:primaryType="nt:unstructured"
                                offset="1"
                                width="3"/>
                        </cq:responsive>
                        <actions jcr:primaryType="nt:unstructured">
                            <item0
                                jcr:primaryType="nt:unstructured"
                                link="https://www.adobe.com"
                                text="Button default"/>
                            <item1
                                jcr:primaryType="nt:unstructured"
                                link="https://www.adobe.com"
                                text="Button default"/>
                        </actions>
                    </teaser_381338983>
                    <teaser
                        cq:styleIds="[1612830658386,1612897500904]"
                        jcr:description="&lt;p>Lorem ipsum dolor sit amet, consectetur adipiscing elit, sed do eiusmod tempor incididunt ut labore et dolore magna aliqua.&lt;/p>&#xd;&#xa;"
                        jcr:primaryType="nt:unstructured"
                        jcr:title="This is a Teaser"
                        sling:resourceType="core/wcm/components/teaser/v1/teaser"
                        actionsEnabled="true"
                        descriptionFromPage="false"
                        fileReference="/content/dam/wknd/building_large.png"
                        pretitle="Teasers"
                        textIsRich="true"
                        titleFromPage="false">
                        <cq:responsive jcr:primaryType="nt:unstructured">
                            <default
                                jcr:primaryType="nt:unstructured"
                                offset="0"
                                width="3"/>
                        </cq:responsive>
                        <actions jcr:primaryType="nt:unstructured">
                            <item0
                                jcr:primaryType="nt:unstructured"
                                link="https://www.adobe.com"
                                text="Button default"/>
                            <item1
                                jcr:primaryType="nt:unstructured"
                                link="https://www.adobe.com"
                                text="Button default"/>
                        </actions>
                    </teaser>
                </container>
            </container>
        </root>
    </jcr:content>
</jcr:root>
